{
    "lr": 0.007986792947858836,
    "weight_decay": 1.4967017722750606e-05,
    "batch_size": 64,
    "dropout": 0.15759012930856833,
    "label_smoothing": 0.019273730209656705,
    "optimizer": "SGD"
}